{"Max_loss": 1631.4556884765625, "Min_loss": 627.2988891601562, "Avg_loss": 793.1826818847657}