{"Max_loss": 1632.91015625, "Min_loss": 389.7843933105469, "Avg_loss": 411.84096793212893}